model,auc
logistic_regression,0.9490201029299727
knn,0.93961267630118
