model,val_auc
logistic_regression,0.9524592485347928
knn,0.9451762220326686
