model,val_auc
logistic_regression,0.9501324194073661
knn,0.9441643838014588
