model,auc_sky,auc_cars
logistic_regression,0.9519534828054786,0.5924226702356739
knn,0.9482110004721025,0.5592294850410631
