model,val_auc
logistic_regression,0.9513461344486875
knn,0.9471987327592787
