model,val_auc
logistic_regression,0.9949511164026883
knn,0.9764447741045329
