model,auc_sky,auc_cars
logistic_regression,0.9522568808885509,0.5967795307249671
knn,0.9422426580936137,0.571701510618802
