model,auc_sky,auc_cars
logistic_regression,0.9480081419897303,0.6081210600502293
knn,0.9432538827796607,0.5689601074244052
