model,val_auc
logistic_regression,0.9938844476854173
knn,0.9773459696913598
