model,auc_sky,auc_car
logistic_regression,0.9927607192679933,0.6955570353540289
knn,0.9748337067641882,0.6691946883688714
