model,auc_sky,auc_cars
logistic_regression,0.954077453450533,0.5973897699538306
knn,0.947198978177344,0.5701568502571482
