model,auc
logistic_regression,0.93961267630118
knn,0.93961267630118
