model,auc_sky,auc_car
logistic_regression,0.9943636264576707,0.6966439138086077
knn,0.9793781539800388,0.6753430966144063
