model,val_auc
logistic_regression,0.992602117843374
knn,0.9723342669309221
