model,auc_sky,auc_car
logistic_regression,0.9930101662797377,0.6968609369496532
knn,0.9759058155819038,0.6680976228628098
