model,auc
logistic_regression,0.9584768128863043
knn,0.9574441690727609
