model,val_auc
logistic_regression,0.9926137138469535
knn,0.9762132630630515
