model,val_auc
logistic_regression,0.9524591258257602
knn,0.944771548094701
