model,val_auc
logistic_regression,0.9933488841126898
knn,0.9768766485447241
