model,val_auc
logistic_regression,0.9496267150325682
knn,0.9429505460511047
