model,val_auc
logistic_regression,0.9940420469862703
knn,0.9788361686346059
