model,val_auc
logistic_regression,0.9914403905288588
knn,0.9757678497262648
