model,auc
logistic_regression,0.9613604799526572
knn,0.9626768206482326
