model,val_auc
logistic_regression,0.950436185617536
knn,0.9426476388041628
