model,val_auc
logistic_regression,0.9497278681784311
knn,0.9395112777372521
