model,val_auc
logistic_regression,0.9921647623997274
knn,0.9751371866532821
